bhk,area,furnishing,car_parking,bathroom,price,address
4,2385,Unfurnished,,3,22599999,Bangalore
4,2102,Unfurnished,,4,31500000,Bangalore
3,1900,Unfurnished,,2,22900000,Bangalore
3,2099,Unfurnished,,5,25600000,Bangalore
3,1900,Unfurnished,,2,22900000,Bangalore
3,3372,Unfurnished,,3,82500000,Bangalore
4,2065,Unfurnished,,4,25400000,Bangalore
4,2225,Unfurnished,,4,49600000,Bangalore
4,3340,Unfurnished,1,4,37800000,Bangalore
3,1350,Unfurnished,,2,13700000,Bangalore
3,1563,Unfurnished,1,3,16500000,Bangalore
5,6444,Unfurnished,,5,264200000,Bangalore
1,916,Unfurnished,,1,9100000,Bangalore
3,2244,Unfurnished,,3,27100000,Bangalore
3,2244,Unfurnished,,3,27100000,Bangalore
5,2536,Unfurnished,,5,61000000,Bangalore
1,916,Unfurnished,,1,9100000,Bangalore
3,2010,Unfurnished,,3,27200000,Bangalore
3,5148,Unfurnished,,3,71500000,Bangalore
3,1666,Unfurnished,,3,17400000,Bangalore
3,3200,Unfurnished,1,3,77700000,Bangalore
4,2476,Unfurnished,,4,33900000,Bangalore
3,1803,Unfurnished,,3,18800000,Bangalore
3,1864,Unfurnished,,3,22200000,Bangalore
4,2500,Unfurnished,,4,45000000,Bangalore
3,1574,Unfurnished,,3,14600000,Bangalore
3,3009,Unfurnished,1,4,38400000,Bangalore
3,3549,Unfurnished,,4,145500000,Bangalore
5,3950,Unfurnished,1,5,39800000,Bangalore
4,5000,Unfurnished,1,6,95000000,Bangalore
4,1715,Unfurnished,,2,16100000,Bangalore
3,1812,Unfurnished,,3,24800000,Bangalore
3,1670,Unfurnished,,3,18300000,Bangalore
3,1737,Unfurnished,,3,19800000,Bangalore
3,1600,Unfurnished,,3,16900000,Bangalore
3,1943,Unfurnished,,3,27100000,Bangalore
3,1639,Unfurnished,,3,42400000,Bangalore
4,1632,Unfurnished,,4,38900000,Bangalore
4,1651,Unfurnished,,5,29300000,Bangalore
4,2500,Unfurnished,,4,45000000,Bangalore
3,1518,Unfurnished,,3,16000000,Bangalore
4,4220,Unfurnished,1,4,41600000,Bangalore
4,2145,Unfurnished,,4,23400000,Bangalore
3,1962,Unfurnished,,3,22300000,Bangalore
4,3015,Unfurnished,1,3,28000000,Bangalore
3,991,Unfurnished,,3,13700000,Bangalore
3,1658,Unfurnished,,3,32599999,Bangalore
3,1950,Unfurnished,,3,19900000,Bangalore
4,3210,Unfurnished,,5,53900000,Bangalore
3,1830,Unfurnished,,3,17900000,Bangalore
3,1789,Unfurnished,,3,27599999,Bangalore
3,1595,Unfurnished,,2,16200000,Bangalore
4,2428,Unfurnished,1,4,68700000,Bangalore
3,1430,Unfurnished,,3,14100000,Bangalore
5,6420,Unfurnished,1,5,105500000,Bangalore
4,3119,Unfurnished,,5,51700000,Bangalore
4,4065,Unfurnished,1,4,62400000,Bangalore
3,1965,Unfurnished,,3,22700000,Bangalore
3,1610,Unfurnished,,3,21000000,Bangalore
2,1561,Unfurnished,,2,17700000,Bangalore
3,1700,Unfurnished,,3,23900000,Bangalore
3,2210,Unfurnished,,3,19900000,Bangalore
3,2700,Unfurnished,,4,39200000,Bangalore
3,1705,Unfurnished,,3,28100000,Bangalore
3,1610,Unfurnished,,3,15400000,Bangalore
4,2852,Unfurnished,,3,85800000,Bangalore
5,3950,Unfurnished,1,5,39800000,Bangalore
4,4131,Unfurnished,,3,46200000,Bangalore
3,1563,Unfurnished,,3,17200000,Bangalore
4,2515,Unfurnished,,4,58300000,Bangalore
4,2674,Unfurnished,,4,25500000,Bangalore
,468,Unfurnished,1,1,6740000,Bangalore
2,1469,Unfurnished,,2,21000000,Bangalore
4,2244,Unfurnished,,4,30400000,Bangalore
3,1499,Unfurnished,,2,28500000,Bangalore
4,2278,Unfurnished,,4,26600000,Bangalore
4,1843,Unfurnished,,4,19900000,Bangalore
5,5400,Unfurnished,,5,67500000,Bangalore
3,1803,Unfurnished,,3,19500000,Bangalore
4,3400,Unfurnished,1,4,44500000,Bangalore
4,3344,Unfurnished,1,,67000000,Bangalore
3,2202,Unfurnished,,4,40800000,Bangalore
4,3490,Unfurnished,1,4,51500000,Bangalore
3,2730,Unfurnished,,4,40100000,Bangalore
3,1236,Unfurnished,,3,23400000,Bangalore
5,4113,Unfurnished,1,5,48099999,Bangalore
4,3000,Unfurnished,,4,66900000,Bangalore
3,1750,Unfurnished,,3,19000000,Bangalore
4,2100,Unfurnished,1,4,30000000,Bangalore
3,1590,Unfurnished,,3,10800000,Bangalore
3,1915,Unfurnished,,3,28000000,Bangalore
4,4087,Unfurnished,1,4,67800000,Bangalore
3,1906,Unfurnished,,3,21300000,Bangalore
2,1324,Unfurnished,,2,13899999,Bangalore
3,1514,Unfurnished,,2,9840000,Bangalore
4,2480,Unfurnished,,3,34800000,Bangalore
4,4095,Unfurnished,,3,46400000,Bangalore
4,1759,Unfurnished,,4,28900000,Bangalore
5,2725,Unfurnished,1,5,50300000,Bangalore
4,2786,Unfurnished,,3,32000000,Bangalore
2,1350,Unfurnished,,,14800000,Bangalore
3,1685,Unfurnished,,3,18800000,Bangalore
2,1358,Unfurnished,,2,15200000,Bangalore
3,2000,Unfurnished,1,4,17900000,Bangalore
6,11,Unfurnished,1,6,256900000,Bangalore
4,2428,Unfurnished,1,4,68700000,Bangalore
4,4400,Unfurnished,1,4,47600000,Bangalore
4,4286,Unfurnished,1,4,59500000,Bangalore
3,1443,Unfurnished,,2,19400000,Bangalore
4,2086,Unfurnished,,3,16800000,Bangalore
4,2500,Unfurnished,,4,45000000,Bangalore
3,1936,Unfurnished,,3,22500000,Bangalore
3,2145,Unfurnished,,3,16900000,Bangalore
3,2010,Unfurnished,,3,27200000,Bangalore
3,1900,Unfurnished,,2,22900000,Bangalore
4,4129,Unfurnished,1,4,63000000,Bangalore
4,2809,Unfurnished,,4,30700000,Bangalore
4,4131,Unfurnished,,3,46200000,Bangalore
4,6000,Unfurnished,1,4,119500000,Bangalore
4,2244,Unfurnished,,3,30400000,Bangalore
4,3363,Unfurnished,1,4,49700000,Bangalore
3,1525,Unfurnished,,3,11800000,Bangalore
3,1626,Unfurnished,1,3,26900000,Bangalore
3,1685,Unfurnished,,3,15900000,Bangalore
3,1690,Unfurnished,,2,13899999,Bangalore
3,1711,Unfurnished,,3,14600000,Bangalore
4,2476,Unfurnished,,4,33900000,Bangalore
3,1562,Unfurnished,,3,10600000,Bangalore
3,2213,Unfurnished,,3,37100000,Bangalore
4,2362,Unfurnished,,4,26300000,Bangalore
3,2492,Unfurnished,,4,35000000,Bangalore
5,3950,Unfurnished,1,5,39800000,Bangalore
4,1843,Unfurnished,,4,19900000,Bangalore
4,1843,Unfurnished,,4,19900000,Bangalore
3,1276,Unfurnished,,4,23300000,Bangalore
4,4200,Unfurnished,1,4,80000000,Bangalore
4,2500,Unfurnished,,4,45000000,Bangalore
3,1749,Unfurnished,,3,29600000,Bangalore
4,3300,Unfurnished,1,3,38900000,Bangalore
4,3490,Unfurnished,1,4,51500000,Bangalore
4,3032,Unfurnished,1,4,49300000,Bangalore
3,1782,Unfurnished,,4,19800000,Bangalore
3,1843,Unfurnished,,3,21700000,Bangalore
3,1789,Unfurnished,,3,27599999,Bangalore
3,1781,Unfurnished,,3,13799999,Bangalore
4,1759,Unfurnished,,4,28900000,Bangalore
4,2000,Unfurnished,,4,26000000,Bangalore
3,2242,Unfurnished,,3,35400000,Bangalore
3,1610,Unfurnished,1,3,15900000,Bangalore
4,2567,Unfurnished,1,4,44300000,Bangalore
4,1507,Unfurnished,1,4,18600000,Pune
4,1909,Unfurnished,1,5,22200000,Pune
2,725,Unfurnished,,2,8120000,Pune
4,2059,Unfurnished,,4,34500000,Pune
3,1084,Unfurnished,,3,14300000,Pune
2,877,Unfurnished,,2,12600000,Pune
2,796,Unfurnished,,2,10900000,Pune
3,1149,Unfurnished,,3,16500000,Pune
2,715,Unfurnished,,2,4860000,Pune
,184,Unfurnished,1,1,3000000,Pune
5,3673,Unfurnished,,5,78400000,Pune
3,1213,Unfurnished,,3,17500000,Pune
2,700,Unfurnished,,2,8700000,Pune
3,1152,Unfurnished,,3,13200000,Pune
3,1131,Unfurnished,,3,15000000,Pune
3,941,Unfurnished,,3,8090000,Pune
3,1596,Unfurnished,,3,20400000,Pune
3,946,Unfurnished,,3,8930000,Pune
4,1428,Unfurnished,,4,19400000,Pune
2,643,Unfurnished,,2,14300000,Pune
2,755,Unfurnished,,2,9730000,Pune
3,1126,Unfurnished,,3,12900000,Pune
3,1415,Unfurnished,,3,17500000,Pune
4,2050,Unfurnished,,4,40000000,Pune
4,1608,Unfurnished,,4,26200000,Pune
4,3000,Unfurnished,,4,75000000,Pune
2,1270,Unfurnished,,2,21300000,Pune
3,1059,Unfurnished,,3,14100000,Pune
4,1750,Unfurnished,,4,20400000,Pune
2,840,Unfurnished,,2,11000000,Pune
4,1223,Unfurnished,,4,15900000,Pune
3,1041,Unfurnished,,2,9450000,Pune
4,1700,Unfurnished,,3,20900000,Pune
3,978,Unfurnished,,3,10400000,Pune
2,804,Unfurnished,,2,9530000,Pune
3,1213,Unfurnished,,3,17500000,Pune
3,1386,Unfurnished,,3,19300000,Pune
2,704,Unfurnished,,2,6250000,Pune
4,2000,Unfurnished,,3,35900000,Pune
3,1554,Unfurnished,,3,25600000,Pune
3,1047,Unfurnished,,3,13700000,Pune
5,1950,Unfurnished,,5,31000000,Pune
3,1160,Unfurnished,,2,14100000,Pune
6,3742,Unfurnished,,5,66600000,Pune
4,1550,Unfurnished,,4,30900000,Pune
2,749,Unfurnished,,2,7350000,Pune
3,1189,Unfurnished,,3,19200000,Pune
3,1415,Unfurnished,,3,18500000,Pune
2,762,Unfurnished,,2,5450000,Pune
3,914,Unfurnished,,3,8440000,Pune
2,970,Unfurnished,,3,17600000,Pune
4,2184,Unfurnished,,4,20400000,Pune
4,1680,Unfurnished,,4,26300000,Pune
3,1277,Unfurnished,,3,17000000,Pune
5,1616,Unfurnished,,5,33500000,Pune
2,800,Unfurnished,,2,9110000,Pune
5,2636,Unfurnished,,4,60199999,Pune
3,1538,Unfurnished,,3,24100000,Pune
2,786,Unfurnished,,2,10500000,Pune
3,1302,Unfurnished,,3,21800000,Pune
2,777,Unfurnished,,2,6000000,Pune
2,730,Unfurnished,,2,9120000,Pune
4,1673,Unfurnished,,4,20800000,Pune
2,787,Unfurnished,,2,8800000,Pune
4,1672,Unfurnished,,4,20099999,Pune
4,1677,Unfurnished,,4,22200000,Pune
3,915,Unfurnished,,3,6909999,Pune
2,837,Unfurnished,,2,11200000,Pune
3,1110,Unfurnished,,3,23500000,Pune
3,1273,Unfurnished,,3,19700000,Pune
4,2059,Unfurnished,,5,34500000,Pune
3,1094,Unfurnished,,3,23700000,Pune
3,1279,Unfurnished,,3,13600000,Pune
5,2500,Unfurnished,1,5,22400000,Pune
4,1311,Unfurnished,,4,16399999,Pune
4,1838,Unfurnished,,3,10500000,Pune
4,1680,Unfurnished,,4,26300000,Pune
4,1645,Unfurnished,,4,18300000,Pune
3,1232,Unfurnished,,3,14600000,Pune
4,1724,Unfurnished,,4,26400000,Pune
4,1550,Unfurnished,,4,30900000,Pune
3,1273,Unfurnished,,3,17700000,Pune
3,1282,Unfurnished,,3,17000000,Pune
3,1084,Unfurnished,,3,15100000,Pune
2,875,Unfurnished,,2,11800000,Pune
3,1002,Unfurnished,,3,7159999,Pune
3,920,Unfurnished,,3,11500000,Pune
4,1841,Unfurnished,,3,30900000,Pune
4,2074,Unfurnished,,4,30200000,Pune
2,697,Unfurnished,,2,8430000,Pune
5,2085,Unfurnished,,4,23700000,Pune
3,1167,Unfurnished,,3,15300000,Pune
2,817,Unfurnished,,2,9410000,Pune
3,991,Unfurnished,,3,12800000,Pune
2,716,Unfurnished,,2,7500000,Pune
3,976,Unfurnished,,3,12200000,Pune
2,687,Unfurnished,,2,7630000,Pune
3,1097,Unfurnished,,2,7090000,Pune
3,943,Unfurnished,,3,9420000,Pune
4,2264,Unfurnished,,4,22100000,Pune
4,1672,Unfurnished,,4,20099999,Pune
2,730,Unfurnished,,2,9120000,Pune
3,1088,Unfurnished,,3,16200000,Pune
3,1177,Unfurnished,1,3,16500000,Pune
3,1050,Unfurnished,1,3,6430000,Pune
3,1240,Unfurnished,1,3,18000000,Pune
3,1299,Unfurnished,1,3,18200000,Pune
3,1009,Unfurnished,1,3,12300000,Pune
3,1166,Unfurnished,1,3,22300000,Pune
3,938,Unfurnished,1,3,12600000,Pune
2,885,Unfurnished,1,2,8990000,Pune
3,1270,Unfurnished,1,3,19100000,Pune
2,1104,Unfurnished,1,2,22799999,Pune
2,873,Unfurnished,1,2,12100000,Pune
3,1887,Unfurnished,1,3,15800000,Pune
4,1942,Unfurnished,,4,32100000,Pune
3,1124,Unfurnished,1,3,12600000,Pune
3,1100,Unfurnished,1,3,10700000,Pune
3,993,Unfurnished,1,3,15900000,Pune
3,1064,Unfurnished,1,3,13400000,Pune
4,2622,Unfurnished,,5,53500000,Pune
3,1223,Unfurnished,1,3,16100000,Pune
1,480,Semi-Furnished,1,2,6300000,Pune
1,485,Unfurnished,1,1,7500000,Pune
3,1006,Semi-Furnished,,3,10400000,Pune
2,730,Unfurnished,,2,7200000,Pune
2,820,Unfurnished,1,2,8500000,Pune
3,1150,Unfurnished,,3,13500000,Pune
2,1350,Semi-Furnished,1,2,34100000,Pune
3,1065,Unfurnished,1,3,15000000,Pune
5,2757,Unfurnished,1,5,68000000,Pune
2,900,Semi-Furnished,1,2,9000000,Pune
3,832,Unfurnished,1,3,7550000,Pune
3,1700,Semi-Furnished,2,4,25000000,Pune
3,1300,Unfurnished,1,3,22100000,Pune
3,1190,Semi-Furnished,2,3,14900000,Pune
3,1250,Furnished,,3,28500000,Pune
2,810,Unfurnished,1,2,6820000,Pune
3,1200,Semi-Furnished,1,3,12400000,Pune
3,1600,Unfurnished,2,3,22200000,Pune
3,980,Unfurnished,1,2,12400000,Pune
3,2050,Unfurnished,2,4,25000000,Pune
2,1286,Unfurnished,,2,19600000,Pune
3,1380,Furnished,1,3,20000000,Pune
3,1100,Semi-Furnished,1,3,9480000,Pune
2,1000,Unfurnished,1,2,16500000,Pune
3,2500,Semi-Furnished,1,3,22500000,Pune
2,850,Unfurnished,1,2,16000000,Pune
4,2146,Semi-Furnished,2,5,34000000,Pune
2,820,Unfurnished,1,2,9000000,Pune
3,1009,Unfurnished,1,3,29600000,Mumbai
4,1670,Unfurnished,,5,105900000,Mumbai
4,1773,Unfurnished,,5,83200000,Mumbai
3,965,Unfurnished,,3,23600000,Mumbai
3,1421,Unfurnished,,3,75500000,Mumbai
5,2995,Unfurnished,,4,115200000,Mumbai
4,2000,Unfurnished,,4,62699999,Mumbai
2,753,Unfurnished,,2,31600000,Mumbai
4,2174,Unfurnished,,4,155700000,Mumbai
3,1064,Unfurnished,,,55700000,Mumbai
3,1061,Unfurnished,,3,30500000,Mumbai
4,1812,Unfurnished,,,63200000,Mumbai
2,720,Unfurnished,,2,30200000,Mumbai
3,1340,Unfurnished,,3,45599999,Mumbai
3,1253,Unfurnished,,2,49000000,Mumbai
4,1570,Unfurnished,,4,84400000,Mumbai
5,1295,Unfurnished,,3,45100000,Mumbai
2,747,Unfurnished,,2,20500000,Mumbai
3,1100,Unfurnished,,3,47000000,Mumbai
2,600,Unfurnished,,2,11000000,Mumbai
4,2459,Unfurnished,,4,300000000,Mumbai
1,431,Unfurnished,,1,10300000,Mumbai
3,1692,Unfurnished,,3,67400000,Mumbai
4,2103,Unfurnished,,3,129400000,Mumbai
3,1170,Unfurnished,,3,41500000,Mumbai
3,1340,Unfurnished,,3,45599999,Mumbai
3,1184,Unfurnished,,2,45500000,Mumbai
3,1058,Unfurnished,,3,42100000,Mumbai
2,588,Unfurnished,,2,5300000,Mumbai
3,1953,Unfurnished,,3,72500000,Mumbai
3,1340,Unfurnished,,3,38300000,Mumbai
3,1325,Unfurnished,,4,43700000,Mumbai
4,861,Unfurnished,,2,25400000,Mumbai
3,1626,Unfurnished,,3,81300000,Mumbai
2,846,Unfurnished,,2,25500000,Mumbai
4,1680,Unfurnished,,4,85700000,Mumbai
2,456,Unfurnished,,2,4740000,Mumbai
2,605,Unfurnished,,2,6050000,Mumbai
3,956,Unfurnished,,2,17200000,Mumbai
2,699,Unfurnished,,2,8550000,Mumbai
3,936,Unfurnished,,3,15800000,Mumbai
1,423,Unfurnished,,2,12100000,Mumbai
2,580,Unfurnished,,2,10900000,Mumbai
4,1782,Unfurnished,,4,71500000,Mumbai
3,1080,Unfurnished,,3,38700000,Mumbai
2,838,Unfurnished,,,34000000,Mumbai
3,1093,Unfurnished,,3,41300000,Mumbai
3,1026,Unfurnished,,3,32000000,Mumbai
3,1217,Unfurnished,,,28100000,Mumbai
2,844,Unfurnished,,2,38600000,Mumbai
3,1283,Unfurnished,,3,60199999,Mumbai
3,1007,Unfurnished,,3,26800000,Mumbai
2,734,Unfurnished,,2,31700000,Mumbai
2,620,Unfurnished,,2,16299999,Mumbai
3,1073,Unfurnished,,3,28000000,Mumbai
3,1083,Unfurnished,,3,67700000,Mumbai
3,1626,Unfurnished,,3,81300000,Mumbai
3,1128,Unfurnished,,2,33800000,Mumbai
5,4291,Unfurnished,,5,536300000,Mumbai
2,1040,Unfurnished,,2,29300000,Mumbai
3,927,Unfurnished,,2,28900000,Mumbai
2,761,Unfurnished,,2,24900000,Mumbai
4,1678,Unfurnished,,4,50900000,Mumbai
3,1214,Unfurnished,,3,87500000,Mumbai
5,3650,Unfurnished,,3,237200000,Mumbai
2,617,Unfurnished,,2,19100000,Mumbai
3,1037,Unfurnished,,3,31500000,Mumbai
2,971,Unfurnished,,2,26200000,Mumbai
2,1665,Unfurnished,,2,58200000,Mumbai
2,600,Unfurnished,,2,11000000,Mumbai
3,936,Unfurnished,,3,15800000,Mumbai
4,2016,Unfurnished,,4,71100000,Mumbai
2,742,Unfurnished,,2,32000000,Mumbai
5,2809,Unfurnished,,,201200000,Mumbai
5,4749,Unfurnished,,5,356500000,Mumbai
2,716,Unfurnished,,2,23100000,Mumbai
4,1600,Unfurnished,,2,72000000,Mumbai
2,636,Unfurnished,,2,18700000,Mumbai
4,2432,Unfurnished,,4,81700000,Mumbai
4,2487,Unfurnished,,4,86000000,Mumbai
1,423,Unfurnished,,2,12100000,Mumbai
4,2000,Unfurnished,,4,62699999,Mumbai
4,1523,Unfurnished,,4,93200000,Mumbai
2,776,Unfurnished,,2,28100000,Mumbai
3,1325,Unfurnished,,3,62100000,Mumbai
4,2606,Unfurnished,,4,162399999,Mumbai
1,444,Unfurnished,,2,4440000,Mumbai
3,1345,Unfurnished,,4,39400000,Mumbai
4,2000,Unfurnished,,2,76400000,Mumbai
4,1258,Unfurnished,,3,37700000,Mumbai
3,1177,Unfurnished,,3,76500000,Mumbai
3,1094,Unfurnished,,3,51900000,Mumbai
5,4182,Unfurnished,,5,542000000,Mumbai
2,783,Unfurnished,,2,38700000,Mumbai
1,457,Unfurnished,,1,13899999,Mumbai
4,2016,Unfurnished,,5,71100000,Mumbai
4,2250,Unfurnished,,4,119000000,Mumbai
3,1389,Unfurnished,,3,103400000,Mumbai
4,2000,Unfurnished,,4,62699999,Mumbai
3,983,Unfurnished,,3,26500000,Mumbai
2,812,Unfurnished,,2,23400000,Mumbai
3,975,Unfurnished,,3,15600000,Mumbai
4,1391,Unfurnished,,4,34500000,Mumbai
4,1890,Unfurnished,,4,122800000,Mumbai
5,6336,Unfurnished,,5,877300000,Mumbai
3,1225,Unfurnished,,3,65800000,Mumbai
2,996,Unfurnished,,2,27200000,Mumbai
3,1306,Unfurnished,,3,70200000,Mumbai
2,647,Unfurnished,,2,18100000,Mumbai
3,1076,Unfurnished,,3,56300000,Mumbai
4,1369,Unfurnished,,4,47200000,Mumbai
4,1558,Unfurnished,,4,29500000,Mumbai
2,826,Unfurnished,,3,26400000,Mumbai
3,966,Unfurnished,,3,28900000,Mumbai
4,1602,Unfurnished,,4,86500000,Mumbai
2,633,Unfurnished,,2,19300000,Mumbai
5,2821,Unfurnished,,4,338600000,Mumbai
5,4750,Unfurnished,,5,237500000,Mumbai
2,650,Unfurnished,,2,17700000,Mumbai
2,699,Unfurnished,,2,8550000,Mumbai
4,1730,Unfurnished,,4,54400000,Mumbai
3,1145,Unfurnished,,3,30299999,Mumbai
3,1012,Unfurnished,,3,17000000,Mumbai
2,728,Unfurnished,,2,22700000,Mumbai
4,2447,Unfurnished,,4,84700000,Mumbai
4,2195,Unfurnished,,5,82899999,Mumbai
2,699,Unfurnished,,2,11800000,Mumbai
3,956,Unfurnished,,2,17200000,Mumbai
3,1235,Unfurnished,,3,35000000,Mumbai
2,330,Unfurnished,,2,19900000,Mumbai
4,1600,Unfurnished,,5,72000000,Mumbai
1,375,Unfurnished,,2,9070000,Mumbai
4,1741,Unfurnished,,3,94300000,Mumbai
2,650,Unfurnished,,2,17700000,Mumbai
2,653,Unfurnished,,2,14600000,Mumbai
2,728,Unfurnished,,2,22700000,Mumbai
2,637,Unfurnished,,2,10200000,Mumbai
3,1029,Unfurnished,,3,37600000,Mumbai
3,1626,Unfurnished,,3,81300000,Mumbai
4,2251,Unfurnished,,4,112500000,Mumbai
1,322,Unfurnished,,1,10600000,Mumbai
2,702,Unfurnished,,2,17000000,Mumbai
3,953,Unfurnished,,2,26200000,Mumbai
2,708,Unfurnished,,2,21300000,Mumbai
3,1140,Unfurnished,,3,49900000,Mumbai
4,1600,Unfurnished,,2,72000000,Mumbai
3,1064,Unfurnished,,,55700000,Mumbai
3,943,Unfurnished,,3,19300000,Mumbai
7,2294,Unfurnished,,5,91400000,Mumbai
2,751,Unfurnished,,2,14200000,Mumbai
3,2282,Unfurnished,,4,60000000,New Delhi
4,3200,Unfurnished,,4,98500000,New Delhi
4,2192,Unfurnished,,3,30900000,New Delhi
3,2282,Unfurnished,,4,60000000,New Delhi
5,5236,Unfurnished,,3,143000000,New Delhi
4,4046,Unfurnished,2,4,49800000,New Delhi
4,3200,Unfurnished,,4,98500000,New Delhi
5,5236,Unfurnished,,3,143000000,New Delhi
4,3260,Unfurnished,,4,76100000,New Delhi
4,3315,Unfurnished,,4,110100000,New Delhi
4,3315,Unfurnished,,3,110100000,New Delhi
4,3200,Unfurnished,,4,98500000,New Delhi
4,6000,Semi-Furnished,6,5,335000000,New Delhi
3,1700,Unfurnished,1,2,29500000,New Delhi
3,1450,Semi-Furnished,,3,21000000,New Delhi
3,100,Furnished,1,2,17500000,New Delhi
4,800,Semi-Furnished,4,4,173500000,New Delhi
4,400,Unfurnished,2,4,135000000,New Delhi
4,337,Semi-Furnished,2,4,75000000,New Delhi
4,2000,Semi-Furnished,1,4,35000000,New Delhi
3,1350,Semi-Furnished,1,3,32500000,New Delhi
4,2970,Furnished,3,4,120000000,New Delhi
3,1800,Semi-Furnished,1,3,34000000,New Delhi
4,2200,Semi-Furnished,1,4,45000000,New Delhi
3,1600,Semi-Furnished,2,3,68500000,New Delhi
3,760,Furnished,,2,6000000,New Delhi
3,1550,Semi-Furnished,1,2,29000000,New Delhi
3,1650,Furnished,1,3,24800000,New Delhi
2,675,Semi-Furnished,1,2,4500000,New Delhi
3,1170,Semi-Furnished,1,3,8000000,New Delhi
3,1200,Semi-Furnished,1,2,23000000,New Delhi
3,1600,Semi-Furnished,1,2,29900000,New Delhi
3,1600,Furnished,1,2,24500000,New Delhi
4,325,Unfurnished,,4,150000000,New Delhi
2,550,Semi-Furnished,1,2,4000000,New Delhi
3,1900,Semi-Furnished,1,3,34000000,New Delhi
3,1600,Unfurnished,1,2,32500000,New Delhi
2,58,Semi-Furnished,1,1,3500000,New Delhi
4,2000,Semi-Furnished,1,3,39000000,New Delhi
4,2300,Semi-Furnished,1,4,45000000,New Delhi
3,1100,Semi-Furnished,,2,17500000,New Delhi
4,2700,Semi-Furnished,2,4,65000000,New Delhi
4,2200,Semi-Furnished,1,4,45000000,New Delhi
2,1000,Semi-Furnished,2,1,15800000,New Delhi
3,2000,Semi-Furnished,,4,70000000,New Delhi
4,2200,Semi-Furnished,2,5,70300000,New Delhi
4,2500,Semi-Furnished,3,5,120000000,New Delhi
3,900,Semi-Furnished,1,2,9000000,New Delhi
2,1000,Semi-Furnished,1,2,19000000,New Delhi
3,1850,Unfurnished,2,2,27300000,New Delhi
3,1500,Semi-Furnished,,2,32500000,New Delhi
3,1700,Semi-Furnished,2,2,25400000,New Delhi
4,230,Semi-Furnished,1,4,43000000,New Delhi
4,4000,Unfurnished,,4,145000000,New Delhi
3,1250,Semi-Furnished,1,2,25000000,New Delhi
3,1260,Semi-Furnished,2,3,8700000,New Delhi
3,1300,Semi-Furnished,1,2,19500000,New Delhi
3,1850,Semi-Furnished,2,3,27400000,New Delhi
4,2192,Unfurnished,,3,31000000,New Delhi
4,3200,Semi-Furnished,4,4,160000000,New Delhi
4,2701,Unfurnished,,3,75500000,New Delhi
3,1500,Semi-Furnished,,3,40000000,New Delhi
3,2618,Unfurnished,2,3,79500000,New Delhi
3,1296,Semi-Furnished,,3,24000000,New Delhi
4,2200,Semi-Furnished,,5,160000000,New Delhi
3,1150,Semi-Furnished,2,3,30000000,New Delhi
3,1450,Semi-Furnished,1,2,25299999,New Delhi
4,2200,Semi-Furnished,1,3,41500000,New Delhi
4,3164,Semi-Furnished,3,5,77500000,New Delhi
3,1800,Unfurnished,1,3,48000000,New Delhi
2,450,Semi-Furnished,,2,3850000,New Delhi
3,6498,Semi-Furnished,4,3,850000000,New Delhi
3,180,Unfurnished,1,3,21000000,New Delhi
3,300,Semi-Furnished,,4,130000000,New Delhi
3,700,Semi-Furnished,,2,6750000,New Delhi
5,2925,Furnished,,5,77500000,New Delhi
4,3097,Semi-Furnished,2,5,278700000,New Delhi
3,1800,Semi-Furnished,1,3,63000000,New Delhi
3,2450,Semi-Furnished,1,4,33800000,New Delhi
4,250,Semi-Furnished,2,3,42500000,New Delhi
3,990,Semi-Furnished,1,2,12500000,New Delhi
3,1700,Semi-Furnished,1,3,27000000,New Delhi
2,600,Furnished,,2,3500000,New Delhi
3,160,Semi-Furnished,2,3,28000000,New Delhi
4,2750,Semi-Furnished,3,5,267500000,New Delhi
4,5307,Unfurnished,1,3,140000000,New Delhi
4,2000,Semi-Furnished,1,3,32500000,New Delhi
3,1850,Furnished,,3,15000000,New Delhi
3,1300,Semi-Furnished,1,3,27000000,New Delhi
3,1800,Furnished,,2,27000000,New Delhi
3,1620,Semi-Furnished,1,2,35000000,New Delhi
3,1900,Furnished,,4,57500000,New Delhi
3,1600,Semi-Furnished,1,2,28500000,New Delhi
4,3800,Semi-Furnished,3,4,65000000,New Delhi
3,2201,Unfurnished,,3,209000000,New Delhi
3,200,Semi-Furnished,,4,60000000,New Delhi
3,80,Semi-Furnished,,3,5500000,New Delhi
2,700,Semi-Furnished,,2,11000000,New Delhi
1,32,Unfurnished,,1,2200000,New Delhi
2,650,Semi-Furnished,1,1,15000000,New Delhi
2,579,Semi-Furnished,,2,3600000,New Delhi
3,1700,Semi-Furnished,1,3,31000000,New Delhi
3,2700,Semi-Furnished,,3,57500000,New Delhi
2,850,Unfurnished,1,3,19500000,New Delhi
2,55,Unfurnished,1,2,3030000,New Delhi
2,1550,Furnished,1,2,24000000,New Delhi
4,2000,Furnished,,3,92500000,New Delhi
4,1710,Semi-Furnished,,3,19000000,New Delhi
4,4500,Semi-Furnished,4,5,230000000,New Delhi
3,116,Semi-Furnished,1,3,25000000,New Delhi
10,5000,Semi-Furnished,3,> 10,29500000,New Delhi
4,1600,Unfurnished,1,3,35000000,New Delhi
2,540,Semi-Furnished,1,1,4300000,New Delhi
7,900,Unfurnished,,5,36600000,New Delhi
3,1450,Furnished,1,3,27799999,New Delhi
3,1683,Semi-Furnished,,3,35000000,New Delhi
4,3740,Unfurnished,,5,109500000,New Delhi
4,2050,Furnished,1,3,39000000,New Delhi
3,1600,Semi-Furnished,1,3,28500000,New Delhi
3,180,Furnished,1,3,42500000,New Delhi
3,1400,Semi-Furnished,1,3,26000000,New Delhi
3,2400,Furnished,,3,41500000,New Delhi
3,1700,Semi-Furnished,1,3,26000000,New Delhi
4,2300,Semi-Furnished,4,4,80000000,New Delhi
3,1800,Semi-Furnished,2,3,60000000,New Delhi
3,1350,Unfurnished,1,2,38000000,New Delhi
6,9000,Semi-Furnished,,5,510000000,New Delhi
4,2212,Semi-Furnished,,3,39000000,New Delhi
4,1800,Unfurnished,,3,35000000,New Delhi
,300,Unfurnished,,1,7190000,New Delhi
3,135,Semi-Furnished,1,3,31000000,New Delhi
3,1300,Semi-Furnished,,3,15000000,New Delhi
3,1650,Semi-Furnished,,3,52500000,New Delhi
3,1850,Semi-Furnished,,4,37000000,New Delhi
3,250,Semi-Furnished,,4,130000000,New Delhi
3,1750,Semi-Furnished,,3,23500000,New Delhi
3,1440,Unfurnished,1,3,40000000,New Delhi
4,2800,Semi-Furnished,3,4,125000000,New Delhi
4,1800,Semi-Furnished,1,3,32500000,New Delhi
3,1600,Semi-Furnished,2,3,75000000,New Delhi
3,750,Semi-Furnished,1,2,6500000,New Delhi
3,200,Semi-Furnished,,3,72500000,New Delhi
1,430,Unfurnished,1,1,2200000,New Delhi
3,2400,Semi-Furnished,2,5,102500000,New Delhi
3,240,Semi-Furnished,2,3,52500000,New Delhi
3,1080,Semi-Furnished,1,3,21500000,New Delhi
3,1900,Semi-Furnished,,3,34500000,New Delhi
3,90,Furnished,,2,8500000,New Delhi
2,450,Unfurnished,1,1,1450000,New Delhi
3,155,Furnished,,2,28000000,New Delhi
2,993,Unfurnished,1,2,6459999,Chennai
3,1609,Unfurnished,1,3,14500000,Chennai
2,875,Unfurnished,1,2,7350000,Chennai
3,1018,Unfurnished,,3,17500000,Chennai
2,1040,Unfurnished,,2,9500000,Chennai
4,5054,Unfurnished,,4,69100000,Chennai
4,3086,Unfurnished,,4,61700000,Chennai
4,2711,Unfurnished,,4,33700000,Chennai
3,895,Unfurnished,,2,16100000,Chennai
3,635,Unfurnished,,3,7009999,Chennai
3,1544,Unfurnished,,3,13899999,Chennai
3,1018,Unfurnished,,3,17500000,Chennai
3,1357,Unfurnished,,3,12900000,Chennai
3,1157,Unfurnished,,2,7780000,Chennai
3,1317,Unfurnished,,3,10900000,Chennai
3,1065,Unfurnished,,3,5180000,Chennai
4,1780,Unfurnished,1,3,12400000,Chennai
4,4046,Unfurnished,,4,55300000,Chennai
3,1203,Unfurnished,,3,16700000,Chennai
2,1006,Unfurnished,,2,6440000,Chennai
3,1166,Unfurnished,,3,8810000,Chennai
3,1405,Unfurnished,1,3,18200000,Chennai
3,1561,Unfurnished,1,3,8880000,Chennai
2,910,Furnished,,2,10000000,Chennai
1,681,Unfurnished,1,1,3779999,Chennai
3,1629,Unfurnished,1,3,12400000,Chennai
2,575,Unfurnished,1,2,3800000,Chennai
4,2146,Unfurnished,1,4,17800000,Chennai
2,810,Unfurnished,1,2,3970000,Chennai
3,969,Unfurnished,1,3,9560000,Chennai
3,1582,Unfurnished,1,3,15100000,Chennai
3,3643,Unfurnished,1,3,20600000,Chennai
4,2601,Unfurnished,,4,44400000,Chennai
3,1304,Unfurnished,1,3,10800000,Chennai
3,1497,Unfurnished,1,3,9000000,Chennai
2,970,Unfurnished,1,2,17100000,Chennai
3,1220,Unfurnished,1,3,15600000,Chennai
3,1641,Unfurnished,1,3,16399999,Chennai
3,1538,Unfurnished,1,3,16500000,Chennai
2,947,Unfurnished,1,2,6900000,Chennai
2,1241,Unfurnished,1,2,6500000,Chennai
3,1130,Unfurnished,1,2,10400000,Chennai
2,1251,Unfurnished,1,2,12500000,Chennai
4,3612,Unfurnished,1,4,82500000,Chennai
3,1277,Unfurnished,1,3,8120000,Chennai
3,1475,Unfurnished,1,3,8800000,Chennai
2,993,Unfurnished,1,2,8170000,Chennai
3,1943,Unfurnished,1,3,26000000,Chennai
2,805,Semi-Furnished,1,2,11500000,Chennai
3,1225,Unfurnished,1,3,22000000,Chennai
3,1515,Unfurnished,1,3,18900000,Chennai
3,1116,Unfurnished,1,3,8040000,Chennai
3,1409,Unfurnished,1,2,11200000,Chennai
2,720,Unfurnished,1,2,7070000,Chennai
3,768,Unfurnished,1,2,11100000,Chennai
3,1734,Semi-Furnished,1,3,17800000,Chennai
2,998,Semi-Furnished,1,2,6990000,Chennai
3,1361,Unfurnished,1,3,9120000,Chennai
4,6000,Furnished,3,4,150000000,Chennai
3,900,Unfurnished,,3,6900000,Chennai
4,1560,Unfurnished,1,3,32599999,Chennai
3,1528,Unfurnished,1,3,10200000,Chennai
2,920,Unfurnished,1,2,4400000,Chennai
4,3240,Unfurnished,,2,32500000,Chennai
2,993,Unfurnished,1,2,10100000,Chennai
3,1080,Unfurnished,1,3,7709999,Chennai
3,800,Unfurnished,1,3,8770000,Chennai
2,900,Unfurnished,1,3,6800000,Chennai
3,855,Unfurnished,1,3,8380000,Chennai
3,700,Unfurnished,1,3,6390000,Chennai
3,1000,Unfurnished,1,3,8500000,Chennai
2,1300,Unfurnished,1,2,8020000,Chennai
3,1100,Unfurnished,1,3,8910000,Chennai
3,1590,Unfurnished,1,3,13000000,Chennai
3,798,Unfurnished,2,3,7409999,Chennai
3,1539,Unfurnished,1,2,16500000,Chennai
3,2692,Unfurnished,1,3,16800000,Chennai
3,1127,Unfurnished,1,3,8770000,Chennai
2,1211,Unfurnished,1,2,9000000,Chennai
3,1245,Unfurnished,2,3,12400000,Chennai
2,1000,Unfurnished,1,1,6490000,Chennai
2,1392,Unfurnished,1,2,7630000,Chennai
4,1400,Furnished,2,4,58500000,Chennai
2,656,Unfurnished,1,2,5700000,Chennai
3,1545,Unfurnished,1,3,13100000,Chennai
2,1157,Unfurnished,1,2,8100000,Chennai
3,1003,Semi-Furnished,1,3,8530000,Chennai
3,1485,Unfurnished,1,3,10400000,Chennai
4,1948,Unfurnished,,3,13000000,Chennai
3,1443,Unfurnished,1,3,18000000,Chennai
3,1592,Unfurnished,2,3,39200000,Chennai
3,1300,Unfurnished,1,3,12300000,Chennai
4,1578,Unfurnished,2,3,52699999,Chennai
3,1893,Unfurnished,,3,19500000,Chennai
3,1500,Semi-Furnished,3,3,26500000,Chennai
2,670,Unfurnished,1,2,7820000,Chennai
2,1096,Unfurnished,1,2,7800000,Chennai
3,1915,Unfurnished,1,3,32500000,Chennai
2,10420,Semi-Furnished,6,2,7300000,Chennai
3,1200,Unfurnished,2,3,17500000,Chennai
3,600,Semi-Furnished,,3,8000000,Chennai
4,1370,Semi-Furnished,150,4,4900000,Chennai
3,1950,Semi-Furnished,1,3,16500000,Chennai
2,937,Semi-Furnished,,2,5000000,Chennai
3,1165,Semi-Furnished,1,3,19900000,Chennai
3,3000,Unfurnished,1,3,63000000,Chennai
2,614,Semi-Furnished,,2,8000000,Chennai
3,1526,Semi-Furnished,,3,9500000,Chennai
2,1050,Semi-Furnished,1,2,4500000,Chennai
2,1048,Furnished,,2,7000000,Chennai
3,1539,Unfurnished,1,2,18000000,Chennai
3,1328,Semi-Furnished,,2,7000000,Chennai
2,856,Furnished,,2,5300000,Chennai
1,695,Semi-Furnished,,1,3800000,Chennai
3,1340,Semi-Furnished,,2,13000000,Chennai
3,1270,Unfurnished,,3,14600000,Chennai
2,760,Semi-Furnished,1,2,6500000,Chennai
2,1040,Semi-Furnished,2,2,10000000,Chennai
2,1015,Unfurnished,1,2,36500000,Chennai
3,1146,Semi-Furnished,1,3,11500000,Chennai
2,928,Furnished,,2,4000000,Chennai
4,3300,Furnished,,4,57500000,Chennai
3,1500,Unfurnished,1,3,9200000,Chennai
3,950,Unfurnished,1,3,4310000,Chennai
3,1400,Unfurnished,1,3,16100000,Chennai
3,1826,Semi-Furnished,,3,20000000,Chennai
4,1943,Semi-Furnished,,5,45000000,Chennai
2,834,Semi-Furnished,1,2,7000000,Chennai
3,907,Semi-Furnished,1,3,7150000,Chennai
2,770,Semi-Furnished,,2,3600000,Chennai
4,100,Unfurnished,2,4,45000000,Chennai
2,1000,Unfurnished,1,2,7250000,Chennai
3,570,Unfurnished,1,2,6600000,Chennai
4,2770,Unfurnished,2,4,37000000,Chennai
3,2222,Semi-Furnished,,3,17600000,Chennai
2,874,Unfurnished,1,2,5890000,Chennai
3,1500,Semi-Furnished,1,3,23000000,Chennai
2,850,Unfurnished,,2,7400000,Chennai
2,387,Semi-Furnished,,2,3600000,Chennai
2,1011,Semi-Furnished,,2,7800000,Chennai
10,3500,Semi-Furnished,1,1,29900000,Chennai
5,5000,Furnished,2,5,65000000,Chennai
4,2445,Semi-Furnished,,3,21000000,Chennai
5,3240,Semi-Furnished,,5,25000000,Chennai
3,1100,Semi-Furnished,1,2,9260000,Chennai
8,3400,Furnished,,7,28000000,Chennai
2,850,Semi-Furnished,,2,5000000,Chennai
3,1045,Semi-Furnished,,2,13000000,Chennai
3,645,Semi-Furnished,,3,11800000,Chennai
3,1800,Semi-Furnished,,3,7800000,Chennai
4,4023,Unfurnished,,4,43200000,Hyderabad
4,2556,Unfurnished,,4,29100000,Hyderabad
3,2285,Unfurnished,,3,16600000,Hyderabad
4,3792,Unfurnished,1,3,70100000,Hyderabad
4,3571,Unfurnished,,4,29800000,Hyderabad
4,2309,Unfurnished,,3,18900000,Hyderabad
4,4914,Unfurnished,,6,61400000,Hyderabad
3,3078,Unfurnished,,3,49200000,Hyderabad
4,3013,Unfurnished,,2,21900000,Hyderabad
4,3734,Unfurnished,,4,84000000,Hyderabad
3,2285,Unfurnished,,3,16600000,Hyderabad
3,1702,Unfurnished,,3,8590000,Hyderabad
4,2495,Unfurnished,,4,15700000,Hyderabad
4,3644,Unfurnished,,4,35700000,Hyderabad
2,842,Unfurnished,,2,5050000,Hyderabad
4,4339,Unfurnished,,3,43300000,Hyderabad
3,1935,Unfurnished,,3,18800000,Hyderabad
3,2032,Unfurnished,,3,16000000,Hyderabad
4,4339,Unfurnished,,3,43300000,Hyderabad
4,5454,Unfurnished,,5,62699999,Hyderabad
3,2278,Unfurnished,,3,17300000,Hyderabad
4,3000,Unfurnished,,4,35000000,Hyderabad
3,2555,Unfurnished,,2,18300000,Hyderabad
3,1690,Unfurnished,,3,7940000,Hyderabad
4,2651,Unfurnished,,4,27200000,Hyderabad
3,2080,Unfurnished,,3,17700000,Hyderabad
2,1195,Unfurnished,,2,7700000,Hyderabad
2,1400,Unfurnished,,2,9330000,Hyderabad
3,2750,Unfurnished,1,3,20299999,Hyderabad
3,3472,Unfurnished,1,3,27700000,Hyderabad
4,4864,Unfurnished,,4,29100000,Hyderabad
5,5341,Unfurnished,1,8,66700000,Hyderabad
3,2210,Unfurnished,,,15400000,Hyderabad
4,3000,Unfurnished,,4,35900000,Hyderabad
3,2810,Unfurnished,,3,22100000,Hyderabad
3,3612,Unfurnished,,3,19800000,Hyderabad
3,3490,Unfurnished,,3,31400000,Hyderabad
2,845,Unfurnished,,2,6900000,Hyderabad
2,1010,Unfurnished,,2,8820000,Hyderabad
3,2900,Unfurnished,1,3,16200000,Hyderabad
4,3355,Unfurnished,,4,26200000,Hyderabad
3,2449,Unfurnished,1,4,17300000,Hyderabad
3,1815,Unfurnished,,3,10800000,Hyderabad
3,2660,Unfurnished,1,3,17400000,Hyderabad
3,1860,Unfurnished,,3,15800000,Hyderabad
4,3855,Unfurnished,,4,30400000,Hyderabad
3,2355,Unfurnished,,3,11000000,Hyderabad
3,3130,Unfurnished,1,3,17200000,Hyderabad
5,5485,Unfurnished,1,5,82200000,Hyderabad
4,2950,Unfurnished,1,4,22400000,Hyderabad
4,4090,Unfurnished,,4,44900000,Hyderabad
4,4850,Unfurnished,1,4,67900000,Hyderabad
4,4400,Unfurnished,,4,32100000,Hyderabad
3,1452,Unfurnished,1,3,9900000,Hyderabad
2,1280,Unfurnished,,2,7040000,Hyderabad
4,3950,Unfurnished,,4,37400000,Hyderabad
3,2540,Unfurnished,,3,26000000,Hyderabad
4,6500,Unfurnished,,5,64900000,Hyderabad
3,1860,Unfurnished,,3,11000000,Hyderabad
3,1695,Unfurnished,,3,11299999,Hyderabad
3,2285,Unfurnished,,3,16600000,Hyderabad
5,6555,Unfurnished,1,5,50400000,Hyderabad
4,2687,Unfurnished,1,3,16600000,Hyderabad
2,1350,Unfurnished,,2,9450000,Hyderabad
4,3951,Unfurnished,1,4,28400000,Hyderabad
4,4480,Unfurnished,1,4,31300000,Hyderabad
3,2080,Unfurnished,,3,17500000,Hyderabad
4,2943,Unfurnished,1,3,17600000,Hyderabad
3,1552,Unfurnished,1,3,8480000,Hyderabad
4,3775,Unfurnished,,4,41500000,Hyderabad
3,2660,Unfurnished,1,3,28100000,Hyderabad
2,1160,Unfurnished,,2,6380000,Hyderabad
3,1625,Unfurnished,1,3,11299999,Hyderabad
4,2655,Unfurnished,1,4,20700000,Hyderabad
2,1390,Unfurnished,,2,12500000,Hyderabad
4,3830,Unfurnished,1,4,27700000,Hyderabad
4,4455,Unfurnished,2,4,59000000,Hyderabad
3,2200,Unfurnished,1,3,18200000,Hyderabad
3,1600,Unfurnished,1,3,13000000,Hyderabad
4,3460,Unfurnished,1,4,36300000,Hyderabad
3,2093,Unfurnished,1,3,15200000,Hyderabad
3,1425,Unfurnished,1,3,7120000,Hyderabad
3,1970,Unfurnished,1,3,18800000,Hyderabad
4,3750,Unfurnished,3,4,42800000,Hyderabad
4,3950,Unfurnished,1,4,37500000,Hyderabad
3,1915,Unfurnished,,3,11399999,Hyderabad
4,3840,Unfurnished,2,4,37500000,Hyderabad
4,4685,Unfurnished,,4,50100000,Hyderabad
4,2850,Unfurnished,,4,22799999,Hyderabad
3,2100,Unfurnished,1,3,13600000,Hyderabad
4,4175,Unfurnished,1,5,52100000,Hyderabad
2,1375,Unfurnished,,2,7840000,Hyderabad
3,3400,Unfurnished,1,3,25700000,Hyderabad
3,2320,Unfurnished,1,3,19700000,Hyderabad
3,1952,Unfurnished,1,2,14700000,Hyderabad
3,1450,Unfurnished,1,3,7920000,Hyderabad
4,3196,Furnished,1,5,50000000,Hyderabad
3,1566,Unfurnished,,3,17800000,Hyderabad
3,3080,Furnished,1,4,24300000,Hyderabad
3,2200,Unfurnished,1,3,12100000,Hyderabad
3,1655,Unfurnished,1,3,12700000,Hyderabad
3,1651,Unfurnished,,3,11800000,Hyderabad
3,1360,Unfurnished,1,3,6470000,Hyderabad
3,2599,Unfurnished,1,3,31100000,Hyderabad
2,1170,Unfurnished,1,2,5850000,Hyderabad
3,2635,Unfurnished,2,3,25000000,Hyderabad
3,2869,Unfurnished,1,3,21200000,Hyderabad
2,1295,Unfurnished,2,2,9400000,Hyderabad
3,1920,Unfurnished,1,3,17200000,Hyderabad
3,1900,Unfurnished,1,3,10400000,Hyderabad
4,2416,Unfurnished,1,3,21200000,Hyderabad
4,4330,Unfurnished,1,4,47600000,Hyderabad
2,1020,Unfurnished,1,2,5100000,Hyderabad
3,1740,Unfurnished,1,3,12800000,Hyderabad
3,1815,Unfurnished,1,3,12700000,Hyderabad
3,1550,Unfurnished,2,3,7750000,Hyderabad
3,1805,Semi-Furnished,1,3,12200000,Hyderabad
3,1615,Semi-Furnished,,3,21800000,Hyderabad
3,1300,Semi-Furnished,1,3,9720000,Hyderabad
3,1294,Unfurnished,2,3,27000000,Hyderabad
3,1950,Unfurnished,1,4,18500000,Hyderabad
3,1550,Semi-Furnished,,4,17000000,Hyderabad
4,4120,Semi-Furnished,60,4,52699999,Hyderabad
4,3089,Unfurnished,,5,34000000,Hyderabad
3,1690,Unfurnished,1,3,12600000,Hyderabad
3,1500,Unfurnished,1,3,13700000,Hyderabad
4,6000,Unfurnished,3,5,66000000,Hyderabad
3,2228,Unfurnished,,3,11800000,Hyderabad
3,1190,Unfurnished,,3,19000000,Hyderabad
3,1110,Unfurnished,,2,8600000,Hyderabad
3,2000,Unfurnished,1,3,16800000,Hyderabad
5,2191,Unfurnished,1,5,37000000,Hyderabad
3,1900,Unfurnished,1,4,15900000,Hyderabad
4,1000,Unfurnished,1,4,18400000,Hyderabad
3,2160,Unfurnished,1,3,18400000,Hyderabad
3,1700,Unfurnished,1,3,16900000,Hyderabad
3,1855,Unfurnished,2,3,16299999,Hyderabad
3,2055,Unfurnished,1,3,14600000,Hyderabad
3,2145,Unfurnished,1,3,19300000,Hyderabad
3,1905,Unfurnished,1,3,12900000,Hyderabad
4,2807,Unfurnished,1,4,30099999,Hyderabad
3,1950,Unfurnished,2,3,12500000,Hyderabad
3,1600,Unfurnished,1,3,20000000,Hyderabad
4,1192,Unfurnished,2,4,37900000,Hyderabad
4,3000,Unfurnished,1,3,25500000,Hyderabad
4,1900,Unfurnished,,2,23000000,Hyderabad
3,1839,Unfurnished,1,3,15400000,Hyderabad
3,1740,Unfurnished,1,3,18600000,Hyderabad
3,180,Unfurnished,,3,41000000,Hyderabad
4,3500,Unfurnished,,4,55800000,Hyderabad
